id,name,address_streetName,address_city
1,Kay Lampet,Lunder,Kerep Wetan
2,Kinny Vasic,Corben,Caetité
3,Henri Merrien,Menomonie,Troyes
4,Hadrian Yvon,Del Mar,Sebedo
5,Katerine Sigart,Vermont,Carson City
6,Alden Hargitt,Springview,Bodeh
7,Quinlan Morfield,Reinke,Śródmieście
8,Dorene Painswick,Oriole,Herby
9,Lenci Peasegod,Charing Cross,Artjärvi
10,Hamid Benediktovich,Norway Maple,Karangori
11,Sharlene Grimsey,Vermont,Yanjiang
12,Alastair Langman,Harper,Lewobelek
13,Hilton Sherland,High Crossing,Gorelovo
14,Emelen Grombridge,Kennedy,Carvalhal Redondo
15,Donovan Angrick,Farragut,Xinning
16,Tyne Frisby,Annamark,La Vega
17,Melly Zoanetti,Dottie,San Ignacio
18,Brian Spur,Warbler,Ocoruro
19,Jannelle Teesdale,Holy Cross,Rungis
20,Beaufort McCamish,Summer Ridge,Zijin
21,Jen Wankling,Sugar,Tamansari
22,Annabella Awde,Carioca,Changkeng
23,Burlie Brooks,Loomis,Limatambo
24,Carie Sivorn,Westend,Devin
25,Lanny Blazhevich,Pankratz,Peddie
26,Hadlee Freddi,Ridgeview,Sawaengha
27,Ash Mailes,Sullivan,Cimanggu
28,Pennie Prall,Hallows,Longtou
29,Farlee Chorley,Buena Vista,Gal’bshtadt
30,Wini McQuilty,Ohio,Beixinjie
31,Karina Hawler,Mayfield,Lashma
32,Josselyn Ambrogioli,Summer Ridge,Yugawara
33,Lynn Dockreay,Ryan,Ramana
34,Jeramie Lescop,Lien,Chaiyo
35,Tanny Kibbey,Northwestern,Amvrosiyivka
36,Diannne Patty,Twin Pines,Chai Badan
37,Win Kiddie,2nd,Usman’
38,Tony Booley,Debs,Matagbak
39,Cortney Palin,Fulton,Ternovka
40,Mechelle Elcombe,Grover,Dongyang
41,Jere Tovey,Spaight,Khemisset
42,Joachim Hedderly,Warner,Łukowa
43,Michaella Obern,Schurz,Fort Erie
44,Geoff Devenny,Lyons,Reisjärvi
45,Andee Durnford,Oriole,Grahamstown
46,Layney Cartman,Blue Bill Park,Tangjian
47,Gustavus Berks,Esker,Крушево
48,Sayre Ravenhills,Comanche,Banda Layung
49,Hugh Giroldo,Straubel,Zuogaiduoma
50,Venita Hollebon,Express,Colmar
51,Jabez Tristram,Sachs,Köln
52,Dun Basnett,Stoughton,Várzea
53,Simona Yockney,Bluejay,Cullinan
54,Duff Darcey,Golden Leaf,Gao
55,Ardeen Orrill,Graceland,Xiaxindian
56,Crista Braksper,Loeprich,Mstów
57,Martynne Haslock(e),Washington,Alvito
58,Imogene Piddocke,Kropf,Guhuai
59,Oberon Tuison,Banding,Ambalavao
60,Elwood Scutching,Northfield,Sindangrasa
61,Cacilia Holbury,Esch,Salaberry-de-Valleyfield
62,Ofella Rainton,Superior,São Lourenço
63,Lebbie Gauden,Arapahoe,Tambura
64,Chicky Dot,Heffernan,Itajuípe
65,Van Campany,Kensington,Lipsko
66,Madonna Pencot,Hudson,Mîndreşti
67,Judd Gaishson,Buell,Tawaramoto
68,Arvin Raynor,Kim,Utsjoki
69,Milka Fyall,Basil,Richmond
70,Ritchie Hurling,Lindbergh,Al Mazra‘ah
71,Gracia Johnikin,Dryden,Santa Teresa
72,Montgomery Rosier,Merrick,Dingchang
73,Melli Bygrave,Annamark,Trélissac
74,Marys McLardie,Bowman,Kim Sơn
75,Port Doles,Vidon,Maracanaú
76,Nonnah Esselin,Cody,Lubowidz
77,Evey Gristwood,Kenwood,Limoges
78,Kassi Stonehewer,Grover,Issa
79,Deena Swiggs,Coleman,Fenghui
80,Rahel Lannen,7th,Volovo
81,Shep Satterly,Golf,Ríohacha
82,Magdalen Lefeaver,Iowa,Saint-Fargeau-Ponthierry
83,Ricki Kerman,Prentice,Jiangfang
84,Miguelita Hoofe,Waywood,Bancak Wetan
85,Robinet Ostick,Westerfield,Kyurdarmir
86,Winna Adlem,Heath,Bardiyā
87,Cherry Nanuccioi,Dapin,Marantao
88,Jo Volke,Burrows,Toutuo
89,Lanny Copson,Green Ridge,Rungis
90,Lynett Jerzyk,Towne,Johor Bahru
91,Broderick Coggill,Basil,Odivelas
92,Jackquelin Greenfield,Crescent Oaks,Iralaya
93,Hephzibah Milbank,Mifflin,Żarki-Letnisko
94,Mord Jentzsch,7th,Calhetas
95,Scotty Schollar,Southridge,Baiyanghe
96,Vinny O'Farris,Sherman,Mikulčice
97,Bearnard Whye,Scofield,Crossfield
98,Sarette Loughlin,Dawn,Ţāqchah Khānah
99,Eleonore Durtnal,Melvin,Sumberkindagan
100,Diann Orme,Sachtjen,Suizhong
101,Maddie Dorbon,Truax,Shangde
102,Devlen Barten,Di Loreto,Carquefou
103,Konstantin Grewe,La Follette,Sukasari
104,Erny Randall,Blackbird,Rincón
105,Roxine Keener,Ohio,Guaduas
106,Aaron Lethibridge,Anderson,Sulmierzyce
107,Briano Avard,Northfield,Cipari
108,Martyn Ackhurst,Mosinee,Thai Charoen
109,Shaina Cuxson,Grover,Łubniany
110,Sherrie Clewlow,Sherman,Kaiyun
111,Berta Tennant,Oriole,Plasy
112,Laurice Basham,Golden Leaf,San Luis
113,Addy Owttrim,Crowley,Shadrinsk
114,Amelina Downie,Elmside,Boé
115,Brannon Hollingshead,Kropf,Pio Duran
116,Randie Mollon,Tennyson,Magbay
117,Gaven Teulier,Burning Wood,Kombolcha
118,Viki Francke,Warrior,São João Nepomuceno
119,Grover Tabard,Hooker,Wołomin
120,Malorie Dixson,Cambridge,Arjawinangun
121,Bern Shorte,Memorial,Helsingborg
122,Trent Yanyshev,Northport,Lagoa do Itaenga
123,Roxanne Kemston,Carberry,Palmas Bellas
124,Korella Sturm,Bashford,Salon-de-Provence
125,Wilma Creane,Lakeland,Fontinha
126,Ealasaid Jacomb,Londonderry,Studenec
127,Anna-diane Leonida,Namekagon,Huangdao
128,Gavin Morforth,Sycamore,Kamenka
129,Filberto Milbourne,Stephen,Baru
130,Derick Dansken,Ronald Regan,Koło
131,Gabbi Maypole,Pawling,Tongjiaxi
132,Rubina McDuff,Lien,Chengdong
133,Darsey Ruter,Calypso,Líbano
134,Lizette Greensides,Lawn,Luwingu
135,Shandie Voff,Elgar,Néa Tríglia
136,Phebe Brinkley,Charing Cross,Baihe
137,Harlan Likly,Bonner,Santiago
138,Enos Alliker,Heath,Asahi
139,Paxon Embra,Eagan,Mönchengladbach
140,Darren Welsh,Hoepker,Město Albrechtice
141,Yance Kleinberer,West,Liqiao
142,Mikol Souch,Truax,Wang Sai Phun
143,Flin Imlacke,Crest Line,Tumba
144,Ebony Rosenstock,Kropf,Liaodian
145,Cathleen Scanlan,Ilene,Ban Bang Kadi Pathum Thani
146,Chip Carryer,Coleman,‘Irbīn
147,Liesa Rickson,Hollow Ridge,Liaozhong
148,Marylin Scogin,Bay,Huangpo
149,Doroteya Dellow,Di Loreto,Tam Kỳ
150,Zebulen Chidzoy,Rutledge,Chahe
151,Kissiah Mewburn,Stephen,Mende
152,Allen O'Lahy,Express,Jinping
153,Bertha Genicke,Elgar,Nara-shi
154,Cordy Taggerty,Chive,Mariestad
155,Ky Lenin,Merry,Pacar
156,Wiatt Eagleston,Ohio,Vroutek
157,Tessie Humphries,Reinke,Zhitang
158,Lita Eul,Straubel,Xiaojiang
159,Eddy Haszard,Florence,Shibajiazi
160,Sid Smylie,Meadow Ridge,Svenljunga
161,Angelina Andrivot,Roxbury,Balangkayan
162,Sanderson Lanston,1st,Tanghua
163,Barnett Dachey,Haas,Colorado Springs
164,Morena Genever,Towne,Montreuil
165,Cristy Stollenwerck,Heffernan,Turets-Bayary
166,Gabi McClenan,Ludington,Manchester
167,Bendicty Rackley,Menomonie,Avaré
168,Otho Corstan,Westend,Corrientes
169,Gaby Bance,Mitchell,Las Americas
170,Ax Feehely,Union,Ayabaca
171,Valeria Deeman,Harbort,Popovi
172,Leelah Peacher,Bonner,Ongjin
173,Fran Yewdall,Lillian,Suqu
174,Paige Lebarree,Shopko,Grygov
175,Cleavland Brugman,Katie,Řečany nad Labem
176,Kahaleel Horick,Armistice,Djibo
177,Teriann Willimott,Anzinger,Karlskrona
178,Malynda Nozzolii,Lakewood,Namwala
179,Charlton Westfield,Carey,Nakkila
180,Niccolo De Malchar,Spenser,Gotse Delchev
181,Salvatore Lawley,Oak Valley,Kamieniec Wrocławski
182,Valentin Derrick,Hanson,Lucé
183,Kerri Kach,Vernon,Brataj
184,Ewart Panton,Red Cloud,General Cabrera
185,Ransom Corneljes,Forest Dale,Da’an
186,Khalil Joseland,Memorial,Borāzjān
187,Kara-lynn Ainsworth,Pearson,Masku
188,Austen Heymes,Debra,Calubcub Dos
189,Kizzee Swadlin,5th,Norton
190,Wallis Whysall,Everett,Tangjian
191,Simone Robion,Golf Course,Tonantins
192,Edita Lindeboom,Union,Wufeng
193,Elysia Pilmore,Troy,Soure
194,Jacki Stubbins,Charing Cross,Tost
195,Amble Saunderson,Judy,Krajan
196,Gayle Jimson,Tony,Jindong
197,Bernita Huxter,Lerdahl,Malikisi
198,Gayleen Moatt,Knutson,Varberg
199,Wernher Trouel,Main,Cut-cut Primero
200,Izak Jendrys,Delladonna,Mernek
201,Kenneth Wratten,Laurel,Beaumont
202,Laural Greiser,Schmedeman,Karangmelok
203,Cherlyn Anetts,Sachtjen,Aviles
204,Ruby Funnell,Heffernan,Pacar
205,Lucinda Burgett,Buell,Karlstad
206,Benjy Hitscher,Loftsgordon,Tambo
207,Eudora Wickling,Gerald,Chantepie
208,Michelina Nelthorpe,Tomscot,Taoyuan
209,Norrie Gout,Pennsylvania,Kapakabisa
210,Kienan Fawdrey,Golf Course,Feijó
211,Saidee Urrey,Merrick,Marseille
212,Jennilee Coronas,Spenser,Hetan
213,Diandra Bramham,Oriole,Bahe
214,Aurilia Saban,Hagan,Hanting
215,Winston Vasiltsov,Bayside,Koanara
216,Adolphe Soares,David,Shuikou
217,Mona Pail,Waywood,Calvaria de Baixo
218,Berta Hrishchenko,Pierstorff,Sedlčany
219,Woodrow Wyant,Cambridge,Cerna
220,Thatch Heaysman,Golf,Ciudad Bolívar
221,Casi Hugle,Schiller,Areni
222,Eirena August,Shopko,Karítsa
223,Darcy Wollacott,Stone Corner,Peabiru
224,Lynnet Huey,Esker,Banjar Baleagung
225,Carie Jedrych,Chinook,San Juan
226,Wenda Bellon,Michigan,Goma
227,Elle Crickmoor,Elka,Kerep Wetan
228,Floris Michael,Mccormick,Jönköping
229,Florance Empleton,Elgar,Siedliska
230,Percival Ryman,Dexter,Mogapi
231,Ariel Lillo,Dakota,Stockholm
232,Kristy Dudden,Iowa,Uiasa
233,Tabor Filliskirk,Stang,Hoàn Kiếm
234,Birdie Smowton,Ridgeview,Itanhandu
235,Talyah Maslin,Fremont,Neos Voutzás
236,Danny Nast,David,Pancanagara
237,Naomi Zanettini,Continental,Muro
238,Jarred Pilfold,Clemons,Gwangtan
239,Karel Dreier,Myrtle,Néa Plágia
240,Lucille Jeroch,Linden,Charata
241,Issie Canada,Grover,Rennes
242,Melicent Naisbit,Hallows,Sanzao
243,Giana Collop,Mcguire,Hortolândia
244,Juliane Goligher,Farragut,Torkanivka
245,Nataniel Lovett,Sunfield,Skrzyszów
246,Catha Mariault,Helena,Kulutan
247,Glennie Janata,Oriole,Korydallós
248,Leora Staynes,Banding,Flor da Rosa
249,Artemas Kenen,Elgar,Lucaya
250,Kasey Gloucester,Crowley,Roche Terre
251,Valera Ellam,Ridgeview,Taiyang
252,Jesse Foux,New Castle,Houping
253,Mattie Dudny,Tomscot,Npongge
254,Gaspar Francescozzi,Amoth,Frutillar
255,Kerrin Halpine,Shoshone,Kandana
256,Heda Kegg,Northfield,Nantang
257,Olivie Davidge,Ohio,Nārang
258,Richard Pollitt,Rockefeller,Tawan tawan
259,Hedwig Gower,Meadow Ridge,Minyue
260,Hieronymus Alldred,Holmberg,Menghai
261,Irv Doulton,Helena,Kebonagung
262,Harbert Jurick,American,Sukamaju
263,Johnathon Ricci,Golden Leaf,Saint-Ouen
264,Zuzana Wallwork,Memorial,Yutou
265,Ulrica Bernhardi,Northview,Paldiski
266,Valerie Guiet,Onsgard,Suvorovo
267,Feliks Oldknowe,Roth,Karangmelok
268,Kordula Winspear,Hansons,Andrijaševci
269,Corri Truitt,Katie,Yanwan
270,Silvan Schenkel,Gerald,Bykhaw
271,Sampson Tewelson,Muir,Fundong
272,Janis Rawlin,Hollow Ridge,Makurdi
273,Monica Esser,Walton,Cotovia
274,Haslett Londing,Norway Maple,Adstock
275,Ileana Chaudret,Waxwing,Lusk
276,Bar Spellard,Golden Leaf,Majia
277,Raynard Thornewill,Jay,Chilecito
278,Andris McQuode,Russell,Aleg
279,Shandie Farragher,Calypso,Linköping
280,Marley Lashmar,Almo,Mantes-la-Jolie
281,Michaelina Pechard,Coleman,Dongtai
282,Dedie Sharnock,Dwight,Budapest
283,Germain Card,Nova,Mikhaylov
284,Patrizio Dowdell,Katie,Prapen
285,Timmy Fellos,Maryland,Dolsk
286,Beck Aldus,Blaine,San Francisco
287,Chlo Antat,School,Pangalangan
288,Ally Parham,Mccormick,Lingkou
289,Kassey Kegg,Garrison,Tenancingo
290,Phaedra Meneur,Springview,Katoúna
291,Terencio Lefridge,Fisk,Kandy
292,Eliza Schachter,Aberg,Yemva
293,Hadleigh Skeels,Rusk,Tegalwero
294,Ardra Mardling,Clyde Gallagher,L'Assomption
295,Rhona Pellant,Garrison,Hässelby
296,Roma Menlow,Pine View,Nemyriv
297,Windham Dyzart,Glacier Hill,Yenangyaung
298,Tan McQueen,Waywood,Dawangzhuang
299,Lola Risebarer,Center,Villa Urquiza
300,Lucho Dymock,Goodland,Donggaocun
301,Karney Dadge,Kennedy,Montaneza
302,Jeanna Matelyunas,Heffernan,Dali
303,Barton Van Der Weedenburg,Fairview,Jacupiranga
304,Nannette Moraleda,Hooker,Liuduzhai
305,Traci Gergus,Pennsylvania,Yeşilköy
306,Mathilde Cavendish,Dovetail,Otok
307,Ginnie Shakspeare,Maple,Mikró Monastíri
308,Brian Pursehouse,Lakewood,Fuliang
309,Tod Baughn,East,Kanye
310,Philomena Leggis,Gale,Pappádos
311,Cami Trotter,Lakewood,Zhengguo
312,Bartolemo Riach,Schlimgen,Bandar-e ‘Asalūyeh
313,Emilio Street,Troy,Lubień
314,Stepha Watmore,Brentwood,Puerto San José
315,Nyssa Vasenkov,Graedel,Tandzut
316,Nancie La Rosa,Monument,Hejiabao
317,Mindy Bagot,Pepper Wood,Duiwelskloof
318,Thaddeus Kasbye,Columbus,Cambé
319,Germana Ready,Fremont,Oinoússes
320,Ruy Wogan,Lake View,Coté-Lai
321,Kaila Shallow,Logan,San Diego
322,Abran Nockolds,Ilene,Wenwuba
323,Hinze Carcas,Fairview,Mariefred
324,Nomi Gimenez,Sachs,Praia de Mira
325,Viola Bellwood,Transport,Moya
326,Shandy Knappe,Cottonwood,Xuancheng
327,Arley Bowton,Ryan,Brongkalan
328,Rhoda Scorton,Alpine,Dean
329,Conant Whopples,Gateway,Buenavista
330,Gregorio Rutledge,Merry,Shijie
331,Yankee Maytum,Center,Cabimas
332,Malissa Bernli,Division,San Vicente
333,Shadow Pickford,Arizona,Ichnya
334,Elisha Iacomini,Manitowish,Lesnikovo
335,Huntley Caulliere,7th,Buniaga
336,Giavani Cotherill,Lakewood,Florentino Ameghino
337,Scotty Hodges,Manley,Grand Bois
338,Kyrstin Titherington,Oak,London
339,Addison Etteridge,7th,Budy
340,Kori Poulsum,Cherokee,Devon
341,Kaylil Shewan,Hudson,Leżajsk
342,Tori Hallum,Del Mar,Birmingham
343,Welby Winterborne,Division,Calais
344,Juliane Dillestone,Longview,Përmet
345,Chad Robiou,Dexter,Abay
346,Dom Lockitt,8th,Kashihara-shi
347,Ebba Lawlings,Dennis,Illushi
348,Elke Adnet,Ohio,Tayu
349,Richie Joselovitch,Jenifer,Sherpur
350,Mandy Poyser,Toban,Tsaritsyno
351,Gustaf Mulholland,Eastlawn,Hutou
352,Jammal Beeck,Mayfield,Santa Teresa
353,Krystal Mapplethorpe,Gale,Wolfville
354,Fons Sherel,Nova,Curepipe
355,Cairistiona Turney,Kenwood,Zhongcheng
356,Kalle Sartain,2nd,Lop Buri
357,Ethelbert Oakenfield,Comanche,Miyakonojō
358,Mildred Trustey,Bunker Hill,Qaryat al Qābil
359,Penelope Swaffer,Iowa,Kuala Lumpur
360,Olympie Russen,Warbler,Panyambungan
361,Wakefield Parcells,Bashford,Nīkshahr
362,Valry Andriesse,Village,Esposende
363,Audy Lermouth,Grasskamp,Perm
364,Rasia Soanes,Fordem,Pinayagan Norte
365,Cecily Favela,Sage,Miaoshou
366,Bart Shilito,Packers,Logroño
367,Zeke Balcock,Ruskin,Baraçais
368,Tracy Pedwell,Darwin,Štěnovice
369,Casey Grivori,Brown,Fangshan
370,Kristo Hassell,Jana,Huaqiao
371,Tim Bleackley,Westerfield,Tajike’abati
372,Barde Hodgen,Oxford,Erhaodi
373,Mathias Yosselevitch,Kinsman,Hobo
374,Shane Bunt,Express,Qohord-e Bālā
375,Justin Callacher,Mandrake,Sam Roi Yot
376,Ofilia Wauchope,Rusk,København
377,Iolande Orlton,Sugar,Cuevas
378,Jobye von Hagt,Esch,Hallstahammar
379,Brett Van den Broek,Fallview,Cikeper
380,Law Burtonwood,Darwin,Santa Cruz
381,Silvain MacMenamie,Farragut,Gaoqiao
382,Delmar Hutten,Muir,Maquiapo
383,Phylys Sibun,Macpherson,Hongos
384,Errick Worgen,Myrtle,Huoqiu Chengguanzhen
385,Malorie Inchcomb,Dovetail,Trenton
386,Evangelia Elcome,Namekagon,Sulbiny Górne
387,Vail Cobello,Thompson,Mercedes
388,Keeley Thundercliffe,Helena,Tadotsu
389,Aland Bland,Bonner,Santo Tomas
390,Inger Nottingam,Warner,Guarabira
391,Kearney Gwilliams,East,Copán
392,Dulcy Synder,Mayfield,Rawang
393,Rhys Hollerin,Gulseth,Nantes
394,Wendye Mains,Hooker,Senhor da Serra
395,Reg Meechan,Swallow,Pará de Minas
396,Padriac Gristhwaite,Lakewood Gardens,Mercedes
397,Kylila Mishaw,Spenser,Vale
398,Jenni Balffye,Debs,Edineţ
399,Sonnnie Bruyns,Algoma,Massy
400,Boyd Larive,Calypso,Ketawang
401,Bevvy Windmill,Washington,Paghmān
402,Willdon Lyptrade,Pine View,Hecheng
403,Rad Gwillim,Ohio,Yaroslavl
404,Penelope Braithwait,Garrison,Cát Bà
405,Jo Briatt,Iowa,Petřvald
406,Gaelan Willmot,Claremont,Mokwa
407,Starr Bantham,Moose,Pechersk
408,Gussi Calles,Westerfield,San Basilio
409,Christean Vreede,Pepper Wood,Guaçuí
410,Lauri Maffione,Bluejay,Santa Iria de Azóia
411,Camila Sewart,Melrose,Zhoushizhuang
412,Debby Yarranton,Luster,Chengtou
413,Roosevelt Vasyukov,Fulton,Blimbing
414,Alexandros Carlow,Marcy,Halle
415,Maurise Slatford,Bluestem,Coronel Suárez
416,Matthaeus McCorrie,Dapin,Viraco
417,Rene Dearell,Drewry,Bailizhou
418,Marsiella Larway,Blackbird,Chulabhorn
419,Zack Lampaert,Ohio,Careva Ćuprija
420,Chere Penhall,Mifflin,Goiana
421,Lyndsey Giffard,Almo,Giporlos
422,Massimiliano Keary,Emmet,Iperó
423,Roch Shawcross,Stang,Jiyukou
424,Olivie Langmuir,Autumn Leaf,Garnich
425,Conny Chambers,Bonner,Abejorral
426,Lynda Dewsbury,Victoria,Linshi
427,Jacquenette Prendeguest,Sunnyside,Jingxiyuan
428,Fallon Lettson,Twin Pines,Doibang
429,Penelopa Seage,Hoffman,Mont-Dore
430,Quentin Lowdyane,Westport,El Paso
431,Hesther Colchett,Chive,Aranitas
432,Vassily Aikin,Grover,Arinos
433,Brandtr Harmes,Clyde Gallagher,Wang Noi
434,Marlee Wannop,Bultman,Cambuí
435,Garrik Fennessy,Messerschmidt,Strawczyn
436,Felicdad MacGregor,Anderson,Jocotán
437,Annabel Wotherspoon,Ludington,Ludu
438,Menard Arsey,Dahle,Levin
439,Siward Passmore,Golf View,Liangjing
440,Hermione Riddington,Southridge,Sanzhang
441,Byrom Winckle,Brown,Montesson
442,Willabella Lowre,Macpherson,Dofa
443,Sabrina Chimenti,Oneill,Dadong
444,Tore Dacke,Carberry,Ballymahon
445,Mandie Borland,Union,Zlatoust
446,Nickey Bettis,Twin Pines,Zamoskvorech’ye
447,Leona Houldcroft,Springview,Huddinge
448,Shermy Mandrake,Moland,Jinpanling
449,Tana Rihanek,Walton,Bangued
450,Alison Warfield,Canary,Cuiabá
451,Valentin Vaney,Birchwood,Concordia
452,Thurston Clapshaw,Shelley,Sajan
453,Joyce Oaker,Warbler,Mandalay
454,Rowen Everly,Gateway,Vilar
455,Moreen Gostyke,Cody,Xazgat
456,Marketa Emslie,Reinke,Tawa
457,Blythe Bond,Victoria,Tianyi
458,Rochella Nunnerley,Summer Ridge,La Cruz de Taratara
459,Iggy Stonebridge,Fieldstone,Summerside
460,Felicdad Jouanot,Glendale,Enjitsu
461,Bibby Jakel,Sycamore,Pau
462,Omero Vesty,Thackeray,Haradok
463,Clarance Bernadon,Porter,Pedregal
464,Maximilian Scarman,Rusk,Vũ Quang
465,Violet Parriss,Northview,Beiguoyuan
466,Erek Dearden,Rutledge,Novo Hamburgo
467,Netti Vanyatin,Sycamore,Nāgarpur
468,Cody Rissen,Welch,Biltine
469,Flinn McGrann,Memorial,Cottbus
470,Shaina Haddinton,Larry,Novais
471,Myles MacGragh,Drewry,Guanyinsi
472,Mozelle O'Meara,Towne,Nawal
473,Dael Whatling,Hermina,Yuquan
474,Thorin Lownds,Macpherson,Salvaleón de Higüey
475,Jeremiah Minifie,Meadow Ridge,Réo
476,Domingo Murt,American Ash,Xinhua
477,Gerrard Madner,Carpenter,Basing
478,Antonetta MacFall,Vidon,Mayfa‘ah
479,Deb Clayfield,Lyons,Kalembutillu
480,Joellyn Goodhay,Springs,Boncis
481,Matelda Laban,Warrior,Xuchang
482,Chandler Hogsden,Oakridge,Piedra Blanca
483,Ailsun Gilford,Jay,Port-aux-Français
484,Dede Nekrews,Merrick,Dobrica
485,Graehme Manssuer,Surrey,Ardazubre
486,Edna Kirsz,Havey,Nanshi
487,Elianore Mattaus,Mariners Cove,Budapest
488,Larisa St Quenin,Meadow Vale,Zhulebino
489,North Benford,Eastwood,Leśnica
490,Ingaberg Howroyd,Sheridan,Otwock
491,Jewel Kenewel,Kim,Malveira
492,Brena McClaurie,Pawling,Caicedonia
493,Neall Bonifacio,Norway Maple,Tulsa
494,Sela Heustice,Del Sol,Ārān Bīdgol
495,Romain Yve,Susan,Motala
496,Lovell Androlli,Sauthoff,Huancheng
497,Eddi Burge,Heffernan,Asadābād
498,Elga Else,Miller,Caijiapu
499,Kennie Guerrazzi,Jackson,Atlanta
500,Bale Maypole,Loeprich,Kelīshād va Sūdarjān
501,Margaretha Ecclestone,Ridgeview,Duraznopampa
502,Danny Stockney,Canary,Ciakar
503,Marcile Bosworth,Memorial,Chenjiaba
504,Read Petty,Bashford,Lefengzhen
505,Rosalyn Eames,Hoffman,Viitasaari
506,Daile Selliman,Miller,Fucheng
507,Drucie Eilhersen,Badeau,Huji
508,Reg O'Hagerty,Shasta,Souto
509,Homerus Rosenau,Kingsford,Huangjiakou
510,Tiffi Conti,Kenwood,Watergrasshill
511,Cathie Ballantine,Brentwood,Joyabaj
512,Kimberlee Goldsworthy,Grasskamp,Roczyny
513,Horst Ferebee,Sycamore,Mirebalais
514,Anselma Mallen,Rowland,Lile
515,Jill Drayson,Utah,Eisen
516,Falkner Beedom,Northview,Bulalacao
517,Rebe Pennone,Old Gate,Bektemir
518,Cher Kepling,Crownhardt,Trois-Rivières
519,Keri Doughty,Becker,Västerås
520,Caz Llewhellin,Pond,Czarnowąsy
521,Anthe McChesney,3rd,Krasnyy Lyman
522,Petronille Chadburn,Dunning,Ōtsuchi
523,Raimundo Scroyton,Crescent Oaks,Dangcalan
524,Kissie Blackaby,Badeau,Rimouski
525,Jessey Brunelli,Heath,Duqu
526,Cornie Greengrass,6th,Ninghai
527,Kerry Croster,Sloan,Qiganjidie
528,Joachim Beyn,Loomis,Fuji
529,Bernie Sadler,Park Meadow,Nampula
530,Dilly Gorgler,Bartelt,Rodolívos
531,Vin Melmore,Lake View,Shuangzhong
532,Jessee Stodhart,Sage,Cipicung
533,Stormi Cockett,Towne,Buliu
534,Lou Giannoni,Spaight,Capas
535,Tallie Filyakov,Bonner,Cibugel
536,Angus Fortey,Mandrake,Semanding
537,Lelah Toderi,Blue Bill Park,Chum Phae
538,Gina Genders,Lindbergh,Suwangi Utara
539,Nanny Shepheard,Almo,Baihe
540,Odetta Wainscot,Forster,Loutráki
541,Lydia Livens,Basil,Aguadulce
542,Brade Radford,Gulseth,Komsomolets
543,Christabel Ivatt,Bartelt,Horní Bříza
544,Jeanette Paybody,Dahle,Geser
545,Misti Pavek,Magdeline,Yoiqag
546,Jobi Gutans,Anniversary,Gongping
547,Joelie Martschke,Lakewood,Panino
548,Delcine Goodbarne,Killdeer,Krông Kmar
549,Bibbye Stoffersen,Grasskamp,Al Ḩashwah
550,Elnora Tynan,Eastwood,Ust’ye
551,Ewart Turtle,Crowley,Kholmsk
552,Morgana Kirkham,Sunbrook,Puerto Berrío
553,Edd Prangley,Mesta,Kampong Speu
554,Hans Shevlin,Sachs,Garden Grove
555,Cassandry Sancias,Kipling,Lacolle
556,Burr Derobert,Maywood,Talcahuano
557,Kevina Claydon,Cambridge,Huangli
558,Wilmette Beachem,Hayes,São Manuel
559,Atlante Snoddin,Huxley,Kingsey Falls
560,Don Sweeten,Gateway,Kassándreia
561,Walton Sooper,Armistice,Bayan Tuohai
562,El Cow,Coolidge,Zmeyskaya
563,Timoteo Grassick,Ramsey,Sembon
564,Rania Leinthall,Barby,Pingtang
565,Jessi Oneile,Hauk,Pajannangger
566,Rosabelle Scourge,Bobwhite,Chengfeng
567,Wiatt Tydd,Sage,Kumo
568,Willow Gallico,Hanover,Gongxi
569,Van Dregan,Sullivan,Hayan Hudong
570,Job Van Der Weedenburg,Towne,Töreboda
571,Meredeth Climer,Kipling,Duobaoshan
572,Osborne Bolin,Sachs,Zalewo
573,Balduin Lakenton,Spenser,Leones
574,Flint Gleder,Delladonna,Bābol
575,Windham Kidds,Kropf,Yokkaichi
576,Ceil Leyninye,Dahle,Malakwāl
577,Farlee Boyda,Melrose,Xigangzi
578,Cecilia Mowsley,Stuart,Tawangrejo
579,Herta Extill,Longview,Ingenio
580,Cam Oattes,Emmet,Sukorejo
581,Isiahi Hacker,Mallard,Zwolle
582,Charla Vidgen,Hoard,Mangaldan
583,Barbette Poulsum,Dunning,Beibei
584,Ardelia Fysh,Shopko,An Châu
585,Shaun MacNally,Marquette,Kariaí
586,Darryl Trosdall,Maryland,Taoxi
587,Cati Constable,Reindahl,Krueng Luak
588,Goldie Billsberry,Raven,Mankono
589,Lana Kelson,Old Gate,Daoqiao
590,Aurelie Hamsley,Riverside,Banana Village
591,Addia Wallbrook,Gulseth,Buyunshan
592,Aimil Maple,Kropf,Arcangel
593,Stafford Askham,4th,Dengjiang
594,Odetta Fortescue,Lien,Comodoro Rivadavia
595,Ora Kalaher,Orin,Mierzęcice
596,Neala Gorvette,Ludington,Doro Oo
597,Elnar Ridges,Roxbury,Bergen
598,Alejoa Constantinou,Oriole,Shuanghekou
599,Gretal Gorvette,Vermont,Mŭynoq
600,Justis Smale,Sycamore,Pompéu
601,Whitney Wrist,Bashford,Gesikan
602,Geordie Addeycott,Bartillon,Ugac Sur
603,Meghan Rowlett,Summer Ridge,Worcester
604,Robin Kleinstern,Scott,Langxi
605,Carmine Ping,Hovde,Novyy Urgal
606,Zonnya Showl,Holmberg,Nové Sedlo
607,Alisun Pawlaczyk,Steensland,Brinkmann
608,Gunter Maidment,Gale,Leipsoí
609,Edsel Cremen,Moland,Xieji
610,Georgie Ambrosoli,Bluestem,Thị Xã Lai Châu
611,Ianthe Sworne,Packers,Vroutek
612,Northrup Colbridge,Knutson,Banjar Sambangan
613,Cammi Manners,Sage,Jiulong
614,Trula Cutress,Becker,Laojun
615,Carolann Kleisel,Dottie,N'Djamena
616,Ginelle Facey,Loftsgordon,Burhānuddin
617,Aurelie Gersam,Calypso,Néa Ionía
618,Clarisse Beloe,Forest Run,Lysice
619,Cyndy Nouch,Fremont,Akhaltsikhe
620,Kaia Perez,Cottonwood,Stepojevac
621,Owen Pashba,Grayhawk,Loštice
622,Garry Anetts,Vahlen,Banjiang
623,Weber Lickess,School,Farah
624,Demetris Coase,Memorial,Paka
625,Eliza Benit,Northview,Stockholm
626,Nessa Rex,Merchant,Pardubice
627,Gwendolin Gerrelts,Grover,Portland
628,Millard Allderidge,Dovetail,Uppsala
629,Ingelbert Bullus,Melvin,La Caleta Culebras
630,Lois Mandel,Butternut,Jan Kempdorp
631,Delia Sparks,Dexter,Dioila
632,Laurena Rilston,John Wall,Biliri
633,Malva McFetridge,Moulton,Eg-Uur
634,Grata Rattry,Crescent Oaks,Xianxiang
635,Gerald Faughny,Rockefeller,Shiki
636,Niels McGriele,Iowa,Minh Lương
637,Bobbe Demcak,7th,Mandalay
638,Ariel Grevatt,Meadow Valley,Banjar Bali
639,Findley Ingledew,Eagan,Trang
640,Ealasaid Mattiato,Judy,Maskinongé
641,Kiel Finley,Moland,Maiac
642,Franciska Skakunas,Susan,Salvacion
643,Saxon Machel,Upham,Fartura
644,Obed Frere,Kinsman,Qingxi
645,Harrison Ipwell,Dorton,Chernyanka
646,Fons Saveall,Buell,Chengnan
647,Augustine Tuckley,Autumn Leaf,Ningtang
648,Jessee Canellas,Cordelia,Mirovka
649,Molly Tigner,Evergreen,Dampit
650,Jodee Stentiford,Bowman,Terenozek
651,Jerrold Stryde,Duke,Jardia
652,Gery Northall,Dawn,Ganhe
653,Alexis Olver,Golf,Sastöbe
654,Roanna Gatley,North,San Juan
655,Starlin Gooch,Bellgrove,Merdeka
656,Ileane Caldicott,Alpine,Yegor’yevsk
657,Shellysheldon Wrate,Meadow Vale,Rila
658,Mikey Lynd,Dryden,Comalapa
659,Gaultiero Bridgman,Bluejay,Kojagete
660,Ethe Filoniere,Fisk,San Diego
661,Joyous Harnor,Graedel,Nuwaybi‘a
662,Marcel Dumbellow,Del Mar,Xiabuji
663,Jamima Abreheart,Badeau,Hampang
664,Beverley Zanettini,7th,Semënov
665,Robby Linskill,Sachtjen,Volkhov
666,Avie Eburah,Hermina,San Nicolás
667,Chelsy Luipold,Mosinee,Vilyuchinsk
668,Bary Faveryear,Division,Góra
669,Nonah MacFall,New Castle,Nybro
670,Nikkie Rulten,Haas,Pengwan
671,Tarrah Garford,Daystar,Huanshan
672,Maggy Durward,Mcguire,Hollola
673,Davis Ovitts,Claremont,Sipirok
674,Javier Gaskin,Continental,Jiulong
675,Ysabel Dalli,Wayridge,MacArthur
676,Elfrieda MacNair,Petterle,Al Faḩāḩīl
677,Harlin Kittel,Erie,Noeltoko
678,Aloisia Cakebread,Cherokee,Troparëvo
679,Chance Lamberto,Village Green,Mungyeong
680,Corrinne Casolla,Carpenter,Goussainville
681,Farra Rickson,Dixon,Niyang
682,Jeffy Jacob,Doe Crossing,Schiedam postbusnummers
683,Dennie Leith-Harvey,Fuller,Maydolong
684,Mora Minton,Glacier Hill,Sainte-Luce-sur-Loire
685,Darbie Smalls,Kenwood,Las Palmas
686,Charita Hopkins,Memorial,Dieppe
687,Jens Jiri,Oxford,Tanakbeak Daye
688,Sela Rhodus,Mallory,Nova Odesa
689,Ham Aronovitz,Pawling,Buliran Segundo
690,Hirsch Keohane,Farwell,Valenciennes
691,Den Bovis,Tomscot,As Suwaydā
692,Nolana Shiers,Crownhardt,Williston
693,Calley Hanley,Sommers,Campos
694,Heindrick Crosfeld,Mariners Cove,Ereencav
695,Obadias Conduit,Sage,Dourados
696,Lauritz January 1st,Cherokee,Praia de Mira
697,Anne-corinne Frary,Park Meadow,Aurora
698,Emmit Guillard,Spaight,Villarrica
699,Jere Blunsen,3rd,Moose Jaw
700,Vonni Abrahmer,Claremont,Bishkek
701,Barbara-anne Soots,Brentwood,Anta
702,Costa Schooling,Cherokee,Węgierska Górka
703,Tammy Buske,Prentice,Jambuwerkrajan
704,Allsun Gristock,International,Yotsukaidō
705,Clarance Farren,Dovetail,Nantes
706,Nehemiah Schimon,Kipling,Chixi
707,Zelda Matias,Goodland,Dampol
708,Georgeanne Hitzschke,Sauthoff,Těšany
709,Worthy Van Der Weedenburg,Mcguire,Beloye
710,Lavinia Hennington,Rusk,Ts’khinvali
711,Pooh Ox,Crest Line,Langtad
712,Sandy Portal,Oakridge,Itacurubí del Rosario
713,Garner Levett,Dennis,Dumbéa
714,Weidar Yarwood,Moulton,Chust Shahri
715,Brian Lansdowne,Marcy,Vynohradivka
716,Holly Offield,Division,Pacapausa
717,Florie Gallgher,Commercial,Hurghada
718,Marla Andrusov,Pearson,Penanggungan
719,Suellen Peepall,Harper,Murom
720,Nonah Jannasch,Kenwood,Kafir Qala
721,Ara Wones,7th,Kamyshevka Vtoraya
722,Rosene Shann,Dexter,Keetmanshoop
723,Renaldo Gai,Columbus,Sunchales
724,Derril Huc,Hoepker,Xinhe
725,Vaclav Dick,Bay,Chuantang
726,Augusta Raymen,Bultman,Dranoc
727,Shae Poxson,Becker,Guararapes
728,Robinet Storkes,Huxley,Zhengchang
729,Moreen Shepard,Reindahl,Birinci Aşıqlı
730,Geralda Kollatsch,Sunbrook,Sangiang
731,Mel Mattes,Ridgeview,Nanjie
732,Danica Dusey,Orin,Nabari
733,Dario Craghead,Blackbird,Anār
734,Bartlett Camilletti,3rd,Usatove
735,Emelia Rolland,Killdeer,Troitskaya
736,Quincy Briggdale,3rd,Oliveirinha
737,Yvette Le Leu,Orin,Naḩḩālīn
738,Dorian Sandilands,Hermina,Choma
739,Perla Jaime,Declaration,Gushi
740,Renee Kiddle,Garrison,Nîmes
741,Iormina Keppy,Banding,Meneou
742,Lezley Compfort,Carberry,Castainço
743,Ellerey Alway,Cordelia,Ūdalah
744,Cary Standish,Artisan,‘Afrīn
745,Huntley Bradneck,Algoma,Domaniewice
746,Winny Wickins,Dovetail,Sadar
747,Ralph Hryskiewicz,Paget,Francisco Villa
748,Francisca Sawers,Aberg,Psará
749,Trista Wixey,Hooker,Pinggang
750,Boigie Cooch,High Crossing,Mulong
751,Millie Savory,Michigan,Pessac
752,Katha Tyrwhitt,Rigney,Qianchuan
753,Wynne Cubbino,Montana,Yantang
754,Linda Boaler,Evergreen,Vis
755,Blakeley Feldklein,Dahle,Sijiu
756,Mommy Spratt,Karstens,Tiechang
757,Clementine Deverill,Clarendon,Baalbek
758,Dacia Plascott,Dexter,Perdões
759,Camille MacDiarmid,Buell,Nggambel
760,Alphonso Reitenbach,Delladonna,Sumber Tengah
761,Hughie Ghelarducci,Grover,Nogueira
762,Gustavus Palatini,High Crossing,Hongqi
763,Anne-corinne McGreal,Morningstar,Agassiz
764,Emelen Burnhams,Myrtle,Jun’an
765,Kanya Buckler,Sunnyside,Ratoath
766,Kelwin David,Schiller,Sim
767,Gottfried Halls,Ronald Regan,Jingping
768,Shaughn Kinkade,Rowland,Tanakbeak Daye
769,Erick Syder,Upham,Cidima
770,Germana McIlheran,Westport,Skoghall
771,Denys Shingles,Scoville,Mateus Leme
772,Nata Giacoppoli,Rutledge,Campo de la Cruz
773,Ludovico Storr,Holy Cross,Burtunay
774,Euell Carnson,Warbler,Lope de Vega
775,Larissa Jacqueminot,Loftsgordon,Foxton
776,Olag Garnham,Welch,Huangzhai
777,Mariquilla Kimberley,Dryden,Bang Racham
778,Thorvald Stygall,Prairieview,Songgang
779,Byrom Tancock,Orin,Besukrejo
780,Maggie Reah,Grayhawk,Ajuda
781,Abbey Tynemouth,East,Mandalgovi
782,Sherie Raffels,Dakota,Sidi Amar
783,Kandace Humberston,Mallory,Pesqueira
784,Hugh Dowrey,Straubel,Lianhe
785,Carolan Dayne,Pearson,Yuntan
786,Richie Langfat,Blaine,Kataba
787,Sheilah Tuerena,Ramsey,Palca
788,Desdemona Ondra,Corscot,Puerto Asís
789,Minnnie Harg,Service,Daniwato
790,Domini Buye,Nova,Bugcaon
791,Emmery Glazyer,Hermina,Waitenepang
792,Ellery Laviss,Village Green,Tasböget
793,Ad Viegas,Di Loreto,Vrakháti
794,Chaunce Cristofor,Laurel,Lebane
795,Lyndy Mardlin,Fisk,Perpignan
796,Cass Pierro,Montana,Camp Diable
797,Lizette Shurlock,Miller,Nevinnomyssk
798,Birgitta Caccavari,Express,Johogunung
799,Hardy Peyes,Glendale,Tapayan
800,Adeline Kamenar,Macpherson,Strasbourg
801,Vernon Croce,Farragut,São Bento
802,Fonz Guion,Thierer,Pulau Pinang
803,Bartolemo Kupka,Corben,Mengcheng Chengguanzhen
804,Brook Kirsche,Sundown,Dikou
805,Marlie Roch,Badeau,Shuangyang
806,Jessi Youle,Crowley,Pasirgaru
807,Ettie Greene,Carey,Ostrzeszów
808,Paton Westerman,Anzinger,Wailang
809,Andie Cleeves,Randy,Novi Sad
810,Marney Danielsson,Graedel,Cengang
811,Chaunce Coope,Park Meadow,Fengshan
812,Ianthe Children,Kensington,Dalududalu
813,Marlena Zanneli,Helena,Bordeaux
814,Mandy Blofeld,Shopko,Karangarjo
815,Robinet Thorne,Elmside,Morinville
816,Marina Faveryear,Michigan,Kurayoshi
817,Arlie Holby,Fair Oaks,Puricay
818,Ilyse Readie,Anthes,Poniatowa
819,Reggi Hamfleet,Canary,Davila
820,Bartholomeus Skeen,Derek,Přibyslav
821,Eli Lowle,Vahlen,Rakszawa
822,Janina Balnaves,Gale,Qionghai
823,Jinny Sweetzer,Butternut,Skoghall
824,Mathilde Byles,Anzinger,Gornje Živinice
825,Elsworth Despenser,Pond,Rathwire
826,Melisent Tailby,Milwaukee,Bugojno
827,Chloette MacCroary,Bluestem,Vilela
828,Nolly Loughrey,Autumn Leaf,Sidomakmur
829,Denver Carbett,Orin,Sujiatuo
830,Suzann Holyland,Troy,Siemiechów
831,Natalee Isaacson,Mariners Cove,Huangdimiao
832,Karlee Weond,Tennessee,Meaux
833,Callean Killimister,Corry,Geumpang
834,Emera Meddows,Farmco,Los Guayos
835,Von Leneve,Ruskin,Guayaybi
836,Alexandro Deetlof,Hollow Ridge,Wulijie
837,Myles Baron,Iowa,Sai’erlong Xiang
838,Kort Yurin,Sutteridge,Uthal
839,Aleen Jankiewicz,Morningstar,Villa Allende
840,Cary Volcker,Thackeray,Tulsa
841,Tisha Longmate,Lake View,Slavs’ke
842,Kalil Tant,Glacier Hill,Togu
843,Terence Argontt,Truax,Crato
844,Zia Fantonetti,Northwestern,Ágios Pétros
845,Daryl Caro,Lindbergh,Andarapa
846,Wadsworth Spanswick,Oriole,Akademija (Kaunas)
847,Ferdinanda Andrieu,Brentwood,Marapanim
848,Layla Aldie,Kennedy,Dongqianhu
849,Amalita Cawthra,Rowland,Ashikaga
850,Sutherlan Trembley,Pierstorff,São Bartolomeu
851,Amye Everill,Springview,Łobżenica
852,Janeva Bodham,Kinsman,Laohekou
853,Kalvin Grenter,Merry,Lykóvrysi
854,Magdaia Jarlmann,Pennsylvania,Maydolong
855,Arleta Whiteman,Kropf,Waenenda
856,Aguste Mathison,Annamark,Gierłoż
857,Rochelle Dalgardno,Golf View,‘Ayn al ‘Arab
858,Johnna Sherington,Derek,Hagerstown
859,Siegfried Elphee,Corscot,Pengxing
860,Germana Fenemore,Reindahl,Tarangnan
861,Calli Downey,Forest Dale,Taiping
862,Barde McAuley,Main,Trondheim
863,Flint Fulton,Orin,Noailles
864,Bobinette Crummie,Mariners Cove,Chiri-Yurt
865,Warde Chaster,Blackbird,Erie
866,Sindee Strivens,Pearson,El Cafetal
867,Bran McCane,Dryden,Tobol
868,Rodie Schriren,Sutherland,Dorp Antriol
869,Lauren Hollingsbee,Ramsey,Laocheng
870,Sterne Paydon,Florence,Cà Mau
871,Nathan Danilchenko,Blackbird,Anse Boileau
872,Alistair Easthope,Homewood,Lidingö
873,Elnora Muldrew,Maryland,Sirnaresmi
874,Neila Bellew,Mccormick,Cachoeiro de Itapemirim
875,Milicent Mound,Kensington,Orenburg
876,Webb Danniell,Utah,Sayḩūt
877,Hailee Straneo,Badeau,Stryszawa
878,Kirby Pembry,Bobwhite,Long Layu
879,Andra Hassent,Fairview,Yuyapichis
880,Aldridge Vyel,Prairie Rose,Concepción
881,Frederica Salazar,Eliot,Izvestkovyy
882,Rodge Ezele,Calypso,Dao
883,Robinia Wey,Ruskin,Mobaye
884,Kelby Adhams,Del Mar,Värnamo
885,Fanni Sushams,Kenwood,Pyzdry
886,Vallie Bachelor,Paget,Penha Longa
887,Adeline Seelbach,Dunning,Nagornyy
888,Hermione Goodman,Russell,Qorovulbozor
889,Thomasin Avey,Gina,Avelinha
890,Oliver Thornewill,Pierstorff,Labruge
891,Jan Bonhomme,Dayton,Ferreira
892,Kaile O'Curran,Caliangt,Bendosewu
893,Wakefield O'Neal,Raven,Särö
894,Jere Mann,Clove,Yunfeng
895,Goldie Camocke,Twin Pines,Tirlyanskiy
896,Anni Ivashnyov,Katie,Hongguang
897,Terza Doding,Hudson,Santa Eulalia
898,Keir Nathon,Sheridan,Valsamáta
899,Idette Leadbitter,Charing Cross,Majie
900,Steven Wissbey,Crescent Oaks,Jos
901,Kat Pitt,Tomscot,Lidköping
902,Rubin Sokale,Prentice,Herrera
903,Portia Hembery,Wayridge,Kivsharivka
904,Marita McCathy,Marcy,Sidi Moussa
905,Daven Mulvany,Hayes,Hechun
906,Arliene Tumielli,Delaware,Tongouson
907,Garey Topley,Havey,"Hospitalet De Llobregat, L'"
908,Morena Brigham,Sutherland,Mehtar Lām
909,Humphrey Payne,Dakota,Novonukutskiy
910,Diann Warstall,School,Markaz-e Ḩukūmat-e Darwēshān
911,Dollie Elgood,Homewood,Jiantou
912,Maurita Link,Hauk,Arroio do Meio
913,Victoria Harner,Butterfield,Novo Cruzeiro
914,Zeke Labbati,Thackeray,Cibunar
915,Belinda Rhoades,Oxford,Marne-la-Vallée
916,Marylou Mingo,Meadow Vale,Yamparáez
917,Burt Luckett,Mockingbird,Wewoloe
918,Bobbie Hullin,Katie,Kawaguchi
919,Ad Heiden,Hooker,Ichnya
920,Ronalda Pitblado,Commercial,Mundri
921,Merna Nicholes,Sundown,Vale de Santarém
922,Dannie Weare,Heffernan,Betania
923,Costanza Dumpleton,Quincy,Datangzhuang
924,Tamas Elphinston,Porter,Mjamaoué
925,Gussy Boston,Independence,Bueng Samakkhi
926,Tanney Baurerich,Texas,Água Preta
927,Ardyth Havercroft,Karstens,Jardim
928,Ardine Millmoe,Dayton,Naples
929,Carmelle Finnes,Trailsway,Tbilisskaya
930,Elyssa Hadgkiss,Hoffman,Bundibugyo
931,Lidia Duignan,Donald,Shangdian
932,Izaak Sharples,Packers,Il’ka
933,Sanford Gowers,Trailsway,Shashemenē
934,Caressa Bobasch,Loeprich,Chervonohryhorivka
935,Lizzy Francescuccio,Granby,Tegalgede
936,Aimee Rubenczyk,Rieder,Týrnavos
937,Dillie Halsey,Sycamore,Belén
938,Cecil Stucksbury,Warrior,Weicheng
939,Car Pietrasik,Ilene,Tambilil
940,Evyn Lissett,Anhalt,Punolu
941,Verina Dunsmore,Manitowish,Tambac
942,Dani Hourahan,Stephen,Komes
943,Killy Hitter,Pawling,Mafraq
944,Matthaeus Abdy,Bartelt,Pehuajó
945,Valentina Qualtro,New Castle,Klimontów
946,Sonny Teather,Darwin,Prince Albert
947,Maurie Armfirld,Moland,Paris 12
948,Wright Willgrass,Caliangt,Vavozh
949,Bernardo Guillerman,Clemons,Victoria West
950,Blancha Stienton,Northview,Gerelayang
951,Niven Ruckert,Hallows,Shanhaiguan
952,Thorpe MacKeller,Talmadge,Nilópolis
953,Camala Yoakley,Sutherland,Thị Trấn Ngan Dừa
954,Gilligan Ker,Summerview,Ribeira
955,Noland Wagon,Roxbury,Hässelby
956,Suzy Gundrey,Loftsgordon,Qingzhou
957,Fayina Ishaki,Troy,Ādilpur
958,Xena Scoggan,Melby,Penggakrajeng
959,Elyssa Eliet,Esker,Grosuplje
960,Ethel Holstein,Dakota,Murom
961,Garald Devonshire,Vernon,Santa Maria
962,Arman Leil,Oxford,Tsuma
963,Bob McGuggy,Nelson,Cortes
964,Lucky Butterick,Ronald Regan,Chenzui
965,Tillie Brant,Maple,Landim
966,Georgeanne Creigan,Boyd,Satipo
967,Betsy Vescovini,Banding,Qiaobian
968,Davide Leabeater,Truax,Pedinó
969,Marjie Perkis,Bunker Hill,Bukavu
970,Ezekiel Cordel,Walton,Lacdayan
971,Marigold Vonasek,Independence,Adir
972,Ezmeralda Dawidsohn,Mariners Cove,Dongling
973,Lorna Cobbold,Redwing,Teluksantong
974,Vina Handlin,Pleasure,Koronowo
975,Faye Bolderstone,Packers,Wangshi
976,Miranda Benoist,Warrior,Cúa
977,Manfred Campelli,Rigney,Erdenet
978,Jdavie Sitlington,Lighthouse Bay,Issoudun
979,Koren Morden,Mccormick,Jinhua
980,Mace Ivakhin,Hallows,Quşrah
981,Stearne Kaveney,Messerschmidt,Leloboko
982,Keane Howman,Pennsylvania,Alpūrai
983,Malcolm Callen,Emmet,Gongjiang
984,Hollyanne Mousdall,Northland,Banī Khaddāsh
985,Madelene Dootson,Aberg,Hudong
986,Harlan Duckworth,Westerfield,Abade de Neiva
987,Magda O'Mullaney,Stoughton,Dongting
988,Gun Mounce,Grayhawk,Basista
989,Dexter Zanetello,Spenser,Federal
990,Robbie Whelpdale,Del Sol,Gose
991,Constanta Lamblot,North,Divinópolis
992,Jerrylee Jemmison,Iowa,Tubuhue
993,Marlin Dobeson,Sommers,Francisco I Madero
994,Brandyn Stot,Pankratz,Fonte do Feto
995,Corney Whillock,Forest Run,Lysekil
996,Kelci Purcer,Spenser,Pagaden
997,Hephzibah Manion,Maple Wood,Bibiani
998,Quentin Morhall,Lukken,Motupe
999,Lola Broomhall,Sutherland,Datian
1000,Maynord Domelow,Spenser,Douz
